{"cameraMode":{"drawMode":0,"name":"Shaded","section":"Shading Mode"},"sceneLighting":false,"audioPlay":false,"sceneViewState":{"showFog":true,"showMaterialUpdate":false,"showSkybox":false,"showFlares":true,"showImageEffects":true,"showParticleSystems":true},"in2DMode":false,"pivot":{"x":1.0206793546676636,"y":1.136394739151001,"z":-1.3578226566314698},"rotation":{"x":-0.07950113713741303,"y":0.9065231084823608,"z":-0.19778135418891908,"w":-0.36439064145088198},"size":2.933302402496338,"orthographic":false}