{"cameraMode":{"drawMode":0,"name":"Shaded","section":"Shading Mode"},"sceneLighting":false,"audioPlay":false,"sceneViewState":{"showFog":true,"showMaterialUpdate":false,"showSkybox":false,"showFlares":true,"showImageEffects":true,"showParticleSystems":true},"in2DMode":false,"pivot":{"x":-217.49900817871095,"y":0.6894800662994385,"z":-75.32489013671875},"rotation":{"x":0.1503194272518158,"y":-0.7637477517127991,"z":0.19211231172084809,"w":0.5977931618690491},"size":3.9816925525665285,"orthographic":false}