{"cameraMode":{"drawMode":0,"name":"Shaded","section":"Shading Mode"},"sceneLighting":false,"audioPlay":false,"sceneViewState":{"showFog":false,"showMaterialUpdate":false,"showSkybox":false,"showFlares":false,"showImageEffects":false,"showParticleSystems":false},"in2DMode":false,"pivot":{"x":-0.0012910664081573487,"y":0.23099717497825623,"z":-0.012308046221733094},"rotation":{"x":-0.061816006898880008,"y":0.03934705629944801,"z":-0.0023793347645550968,"w":-0.9973871111869812},"size":1.0389801263809205,"orthographic":false}