{"cameraMode":{"drawMode":0,"name":"Shaded","section":"Shading Mode"},"sceneLighting":false,"audioPlay":false,"sceneViewState":{"showFog":false,"showMaterialUpdate":false,"showSkybox":false,"showFlares":false,"showImageEffects":false,"showParticleSystems":false},"in2DMode":false,"pivot":{"x":-1110.6800537109375,"y":8.506202697753907,"z":-302.17999267578127},"rotation":{"x":-0.1497439593076706,"y":0.6313804388046265,"z":-0.12590061128139497,"w":-0.7504663467407227},"size":3.100421190261841,"orthographic":false}