{"cameraMode":{"drawMode":0,"name":"Shaded","section":"Shading Mode"},"sceneLighting":true,"audioPlay":false,"sceneViewState":{"showFog":false,"showMaterialUpdate":false,"showSkybox":false,"showFlares":false,"showImageEffects":false,"showParticleSystems":false},"in2DMode":false,"pivot":{"x":370.260986328125,"y":176.50567626953126,"z":-9.57711124420166},"rotation":{"x":-0.03487817198038101,"y":0.03040856309235096,"z":-0.0010063577210530639,"w":-0.9990085363388062},"size":537.8463745117188,"orthographic":false}